feed_updated_at,title,url
2026-02-28T17:00:00+09:00,Markdownを日本の伝統的な雰囲気のあるWordファイルに変換するCLIツール「md2docx」を作った,https://qiita.com/nokonoko_1203/items/87a71916c155d69a336b?utm_campaign=popular_items&utm_medium=feed&utm_source=popular_items
2026-02-28T17:00:00+09:00,【無料】ブラウザ上で電子工作をシミュレートできる”Tinkercad”が便利すぎてヤバい,https://qiita.com/horyyyyyy/items/5befc1eeffa01cab45d7?utm_campaign=popular_items&utm_medium=feed&utm_source=popular_items
2026-02-28T17:00:00+09:00,MinIO、知らないうちに終了していた,https://qiita.com/kuma_3838/items/b9073cce25766508485a?utm_campaign=popular_items&utm_medium=feed&utm_source=popular_items
2026-02-28T17:00:00+09:00,ローカルLLMの脆弱性があるんか？〜CVE-2024-50050から学ぶ「自分だけで使ってるから安全」の落とし穴〜,https://qiita.com/GeneLab_999/items/08873f6569a2b96a276c?utm_campaign=popular_items&utm_medium=feed&utm_source=popular_items
2026-02-28T17:00:00+09:00,n8nで「魂」をJSON化したら、毎朝8時に10言語でアフィリエイト記事を自動生成する化け物パイプラインが完成した話,https://qiita.com/YushiYamamoto/items/de6c1ba8ebbd4a20d8ee?utm_campaign=popular_items&utm_medium=feed&utm_source=popular_items
2026-02-28T17:00:00+09:00,Fisher情報量と共分散行列,https://qiita.com/nekokaitaiyo_ne/items/aee3f7152b984b3644bf?utm_campaign=popular_items&utm_medium=feed&utm_source=popular_items
2026-02-28T17:00:00+09:00,技術力だけでは防げない「デスマーチへの片道切符」,https://qiita.com/gmo-co-kitaura/items/cacb08715579370ceeda?utm_campaign=popular_items&utm_medium=feed&utm_source=popular_items
2026-02-28T17:00:00+09:00,AI に 24 時間セキュリティ監視を任せてみた — ホームラボで SOC を構築した話,https://qiita.com/takao-shimizu/items/7cb1d8b48cd442e07962?utm_campaign=popular_items&utm_medium=feed&utm_source=popular_items
2026-02-28T17:00:00+09:00,通信会社はどうやってあなたのSIMを認証しているのか？,https://qiita.com/K3NLatte/items/f43cf45a02a2bda18079?utm_campaign=popular_items&utm_medium=feed&utm_source=popular_items
2026-02-28T17:00:00+09:00,GitHub Copilot CLIの/researchが強い,https://qiita.com/shyamagu/items/4e2d30a24594c005a02f?utm_campaign=popular_items&utm_medium=feed&utm_source=popular_items
2026-02-28T17:00:00+09:00,Claude Sonnet 4.6 vs Opus 4.6 徹底比較──ベンチマーク・コスト・速度のデータで読む「どちらを使うべきか」,https://qiita.com/nogataka/items/59f192451813d611d662?utm_campaign=popular_items&utm_medium=feed&utm_source=popular_items
2026-02-28T17:00:00+09:00,Claude Code を Pro プランで2週間使ってみた,https://qiita.com/wataru86/items/116ba416d2ebd3f28bbd?utm_campaign=popular_items&utm_medium=feed&utm_source=popular_items
2026-02-28T17:00:00+09:00,ChatGPTやGeminiの回答、毎回コピペして編集するの手間じゃないですか？,https://qiita.com/takaya787/items/ff34b84c88ec4646a20c?utm_campaign=popular_items&utm_medium=feed&utm_source=popular_items
2026-02-28T17:00:00+09:00,NotionでMermaidを書くテクニック,https://qiita.com/b-mente/items/d2bd94f3dafd7ace1014?utm_campaign=popular_items&utm_medium=feed&utm_source=popular_items
2026-02-28T17:00:00+09:00,Claude Code 初学者ロードマップ,https://qiita.com/marugame/items/8b870661f80d63499336?utm_campaign=popular_items&utm_medium=feed&utm_source=popular_items
2026-02-28T17:00:00+09:00,git worktreeを使用した開発の個人的詰まりポイント,https://qiita.com/I635230/items/c23d334cc5adb9e8efd0?utm_campaign=popular_items&utm_medium=feed&utm_source=popular_items
2026-02-28T17:00:00+09:00,Claude Code Hooks 実践編 ── 全操作を可視化するリアルタイムダッシュボードを作る,https://qiita.com/nogataka/items/edafdf9849dc1ebb0957?utm_campaign=popular_items&utm_medium=feed&utm_source=popular_items
2026-02-28T17:00:00+09:00,「生成AIでWebデザインできるか調べて」と振られたので Pencil + Claude Code を試した話,https://qiita.com/tetsuko_room/items/835a22e52d1d6f5497ff?utm_campaign=popular_items&utm_medium=feed&utm_source=popular_items
2026-02-28T17:00:00+09:00,AI Agentのおかげで学びの初速が爆速になった年、2025年,https://qiita.com/yumechi/items/759ff6eb5dc57986729f?utm_campaign=popular_items&utm_medium=feed&utm_source=popular_items
2026-02-28T17:00:00+09:00,Claude Code Hooks でリアルタイム監視基盤を設計する ── アーキテクチャ解説,https://qiita.com/nogataka/items/582a1ea46f31e6281d1d?utm_campaign=popular_items&utm_medium=feed&utm_source=popular_items
2026-02-28T17:00:00+09:00,Tailwindでレスポンシブ対応してみた,https://qiita.com/bird_oiseaux/items/4950727375641cbc3da9?utm_campaign=popular_items&utm_medium=feed&utm_source=popular_items
2026-02-28T17:00:00+09:00,AIによってエンジニアの価値はどう変わるのか,https://qiita.com/autotaker1984/items/8379457066f9cbbbf4b4?utm_campaign=popular_items&utm_medium=feed&utm_source=popular_items
2026-02-28T17:00:00+09:00,【登壇レポート】「おとうさん、AIが発達したらクビじゃない？」──47歳、生涯エンジニア宣言。 / Developers Summit 2026,https://qiita.com/y-morimatsu/items/7a7fe23b4832a395e3c2?utm_campaign=popular_items&utm_medium=feed&utm_source=popular_items
2026-02-28T17:00:00+09:00,(新機能)Amazon Bedrockのコンソールからクォータリクエストができたり、Quickstartなるものが登場したり,https://qiita.com/yama3133/items/04413ec37ba250409b95?utm_campaign=popular_items&utm_medium=feed&utm_source=popular_items
2026-02-28T17:00:00+09:00,外国人を増やせば豊かになるのか？― GDPと国民生活が逆転するメカニズム : Pythonで学ぶ マクロ経済学入門 (50),https://qiita.com/maskot1977/items/32f62bfb55282775a9c4?utm_campaign=popular_items&utm_medium=feed&utm_source=popular_items
2026-02-28T17:00:00+09:00,OpenClaw深掘り① インターフェース層 ―― 26+チャネルを1つに束ねるアダプターパターンの設計,https://qiita.com/nogataka/items/17718b6a6299900934de?utm_campaign=popular_items&utm_medium=feed&utm_source=popular_items
2026-02-28T17:00:00+09:00,Claude Code Hooks 活用パターン集 ── ダッシュボード開発で学んだ実践Tips,https://qiita.com/nogataka/items/be94b2ffd34be50ff969?utm_campaign=popular_items&utm_medium=feed&utm_source=popular_items
2026-02-28T17:00:00+09:00,Databricksワークスペースでpytestを使ったPythonユニットテストを試してみた,https://qiita.com/taka_yayoi/items/af0981c552a824cc41e2?utm_campaign=popular_items&utm_medium=feed&utm_source=popular_items
2026-02-28T17:00:00+09:00,QGISで街路樹を植える,https://qiita.com/xinmiao1995/items/73ad3953f8090521f0a9?utm_campaign=popular_items&utm_medium=feed&utm_source=popular_items
2026-02-28T17:00:00+09:00,vLLMってLLMじゃないの？LLMと何が違うの？,https://qiita.com/GeneLab_999/items/bdb9b1aa4a47bdecbfdf?utm_campaign=popular_items&utm_medium=feed&utm_source=popular_items
